650,1663598895,www.BarbaraRamirez'swebsite.com,pI-yH
760,1663598895,www.EricDouglas'swebsite.com,vG-fE
966,1663598895,www.MichaelGiles'swebsite.com,le-oS
777,1663598895,www.NancyBrandt'swebsite.com,pV-Xs
798,1663598895,www.AlexaAbbott'swebsite.com,KE-UU
674,1663598895,www.KellyChurch'swebsite.com,Zt-iP
911,1663598895,www.KristinSimmons'swebsite.com,WC-oq
246,1663598895,www.WayneDavis'swebsite.com,Au-uQ
693,1663598895,www.LukeBurton'swebsite.com,Ri-Mi
615,1663598895,www.JustinDuncan'swebsite.com,UG-Er
320,1663598895,www.BrandonGrant'swebsite.com,sK-vc
