452,1663599658,www.CraigBerger'swebsite.com,ug-pp
260,1663599658,www.AndreaNeal'swebsite.com,tN-jk
362,1663599658,www.KimberlyLove'swebsite.com,jG-xL
593,1663599659,www.JamesWest'swebsite.com,wW-wp
462,1663599659,www.PaulaCasey'swebsite.com,np-Cx
227,1663599659,www.BethWilliams'swebsite.com,bH-WC
242,1663599659,www.BrianEdwards'swebsite.com,MY-Wq
730,1663599659,www.DavidPhillips'swebsite.com,Eq-iX
326,1663599659,www.CatherineVelasquez'swebsite.com,AG-Eu
676,1663599659,www.SusanCox'swebsite.com,BA-ym
502,1663599659,www.KevinThomas'swebsite.com,wG-rC
670,1663599659,www.NicoleYork'swebsite.com,XK-Hg
465,1663599659,www.MorganMitchell'swebsite.com,Lt-AH
818,1663599659,www.MichaelTaylor'swebsite.com,aI-QF
758,1663599659,www.EbonySchmitt'swebsite.com,TM-PT
452,1663599659,www.AlishaHammond'swebsite.com,dK-XK
104,1663599659,www.StephanieBrady'swebsite.com,uB-Lr
723,1663599659,www.JackAshley'swebsite.com,mx-NP
543,1663599659,www.MiguelWood'swebsite.com,gK-tK
291,1663599659,www.KennethWilson'swebsite.com,dD-Qx
6,1663599659,www.DeborahLee'swebsite.com,tZ-bq
217,1663599659,www.AmyRodriguez'swebsite.com,gH-dq
532,1663599659,www.MichaelSmith'swebsite.com,OD-Kw
262,1663599659,www.LisaRoy'swebsite.com,ly-sf
393,1663599659,www.SherylWhite'swebsite.com,WI-KV
382,1663599659,www.PaulRoss'swebsite.com,WV-bd
148,1663599659,www.KathleenMartin'swebsite.com,Rf-Ry
538,1663599659,www.JamesWilliams'swebsite.com,Nw-Mm
19,1663599659,www.ElizabethBass'swebsite.com,af-sw
619,1663599659,www.JasonDiaz'swebsite.com,kB-Hx
911,1663599659,www.MichaelGarcia'swebsite.com,Wv-Yf
289,1663599659,www.MichaelWarren'swebsite.com,EH-jM
239,1663599659,www.CourtneyFletcher'swebsite.com,Ei-Oc
